release,location,version,count,mean,std
12-10-17,AUS,v3,150,35.7415333333,4.61047330283
12-20-17,AUS,v4,50,34.0068,4.93254640534
12-10-17,CAN,v1,50,34.0772,5.24978796073
12-10-17,CAN,v2,150,34.9576666667,4.62355719076
12-10-17,CAN,v3,20,8.26286,5.42913454695
12-20-17,RUS,v4,200,35.69215,5.16468641899
12-10-17,UK,v2,100,35.6926,4.55136401355
12-10-17,UK,v3,100,34.4426,5.62178062665
12-10-17,USA,v1,200,34.49175,5.11885885892
